"Long","Lat","Stn_Name","Clim_ID","Prov_or_Ter","Tm","DwTm","D","Tx","DwTx","Tn","DwTn","S","DwS","S%N","P","DwP","P%N","S_G","Pd","BS","DwBS","BS%","HDD","CDD"
"-123.742","48.935","CHEMAINUS","1011500","BC","3.1","0","NA","11.0","0","-3.0","0","3.0","0","NA","115.8","0","NA","0.0","12","","","NA","461.1","0.0"
"-124.133","48.824","COWICHAN LAKE FORESTRY","1012040","BC","2.0","0","-1.4","9.5","0","-6.5","0","2.0","0","7.0","142.6","0","40.0","0.0","17","","","NA","496.1","0.0"
"-124.052","48.829","LAKE COWICHAN","1012055","BC","2.3","16","-1.2","10.5","11","-6.5","11","0.0","11","NA","139.4","11","NA","0.0","11","","","NA","235.4","0.0"
"-123.225","48.424","DISCOVERY ISLAND","1012475","BC","4.6","10","NA","9.1","10","0.8","0","","","NA","","","NA","","","","","NA","281.4","0.0"
"-123.728","48.735","DUNCAN KELVIN CREEK","1012573","BC","2.0","2","-1.6","10.5","2","-5.0","2","0.0","2","NA","90.0","2","NA","0.0","9","","","NA","464.7","0.0"
"-123.439","48.432","ESQUIMALT HARBOUR","1012710","BC","4.0","0","NA","10.0","0","-2.5","0","","","NA","102.0","1","NA","","10","","","NA","435.5","0.0"
"-123.498","48.872","GANGES MANSELL RD","1013051","BC","2.3","2","NA","10.5","2","-5.5","2","0.4","2","NA","47.2","2","NA","0.0","14","","","NA","456.1","0.0"
"-123.573","48.985","GALIANO NORTH","10130MN","BC","4.1","8","NA","11.0","8","-1.5","8","0.0","8","NA","96.0","8","NA","0.0","12","","","NA","320.5","0.0"
"-123.530","48.575","MALAHAT","1014820","BC","2.3","0","NA","8.4","0","-3.9","0","","","NA","","","NA","","","","","NA","485.8","0.0"
"-123.561","48.374","METCHOSIN","1015105","BC","","","NA","","","","","0.0","0","0.0","113.6","0","68.0","0.0","14","","","NA","",""
"-123.718","48.824","NORTH COWICHAN","1015628","BC","","","NA","","","","","0.0","17","NA","73.1","17","NA","0.0","6","","","NA","",""
"-123.719","48.824","NORTH COWICHAN","1015630","BC","2.8","0","NA","11.7","0","-5.9","0","","","NA","97.7","0","NA","","10","","","NA","472.3","0.0"
"-123.287","48.764","NORTH PENDER ISLAND","1015638","BC","3.6","4","NA","11.0","4","-2.5","4","0.0","4","NA","89.5","4","NA","0.0","9","","","NA","388.5","0.0"
"-124.326","48.592","PORT RENFREW","1016335","BC","1.9","0","-2.1","10.0","0","-5.0","0","0.0","0","0.0","279.6","0","50.0","0.0","17","","","NA","497.6","0.0"
"-123.419","48.622","SAANICHTON CDA","1016940","BC","3.5","1","-1.3","10.5","0","-3.0","1","0.0","0","0.0","100.6","0","69.0","0.0","13","","","NA","436.0","0.0"
"-123.546","48.888","SALTSPRING ST MARY'S L","1016995","BC","3.4","0","-0.9","10.0","0","-2.0","0","0.0","0","0.0","100.8","0","62.0","0.0","12","","","NA","452.1","0.0"
"-123.427","48.598","SAANICHTON MT NEWTON","1016RM0","BC","","","NA","","","","","0.0","25","NA","95.2","25","NA","0.0","6","","","NA","",""
"-123.128","48.775","SATURNA CAPMON","1017098","BC","2.6","4","-1.8","8.6","2","-3.3","2","0.6","2","NA","100.0","1","NA","0.0","14","","","NA","416.8","0.0"
"-123.128","48.775","SATURNA CAPMON CS","1017099","BC","2.7","0","NA","8.3","0","-3.3","0","","","NA","102.5","0","NA","","15","","","NA","474.9","0.0"
"-123.045","48.784","SATURNA ISLAND CS","1017101","BC","3.4","0","NA","9.5","0","-1.8","0","","","NA","76.8","1","NA","","13","","","NA","451.2","0.0"
"-123.626","48.647","SHAWNIGAN LAKE","1017230","BC","2.3","0","-1.1","12.0","0","-5.5","0","4.0","0","20.0","97.4","0","45.0","0.0","10","","","NA","486.6","0.0"
"-123.921","48.377","SHERINGHAM POINT","1017254","BC","5.2","0","NA","11.3","0","0.4","0","","","NA","129.8","3","NA","","12","","","NA","397.9","0.0"
"-123.305","48.457","VICTORIA UNIVERSITY CS","1018598","BC","4.1","0","NA","9.5","0","-2.8","0","","","NA","71.8","1","NA","","13","","","NA","430.8","0.0"
"-123.443","48.476","VICTORIA FRANCIS PARK","1018605","BC","","","NA","","","","","0.0","0","0.0","106.6","0","60.0","0.0","14","","","NA","",""
"-123.325","48.413","VICTORIA GONZALES CS","1018611","BC","4.4","0","NA","9.6","0","-2.1","0","","","NA","58.8","1","NA","","9","","","NA","420.8","0.0"
"-123.501","48.538","VICTORIA HIGHLANDS NORTH","1018618","BC","2.5","5","NA","9.2","2","-4.5","3","4.4","0","NA","148.7","0","NA","0.0","14","","","NA","401.8","0.0"
"-123.426","48.647","VICTORIA INT'L A","1018620","BC","3.3","0","-1.3","11.4","0","-4.3","0","1.2","0","11.0","102.6","0","72.0","0.0","13","56.7","0","80.0","456.3","0.0"
"-123.539","48.340","WILLIAM HEAD","1018935","BC","5.1","0","-0.6","10.0","0","-1.0","0","0.0","0","0.0","96.9","0","63.0","0.0","16","","","NA","399.7","0.0"
"-124.160","49.350","BALLENAS ISLAND","1020590","BC","","","NA","","","0.6","0","","","NA","38.4","1","NA","","8","","","NA","",""
"-125.273","49.952","CAMPBELL RIVER A","1021261","BC","1.8","0","-0.6","6.8","0","-6.0","0","8.2","0","35.0","118.8","0","55.0","0.0","19","","","NA","501.4","0.0"
"-125.208","49.945","CAMPBELL RIVER SURFSIDE","1021266","BC","","","NA","","","","","3.0","0","23.0","130.8","0","66.0","0.0","18","","","NA","",""
"-125.195","49.998","CAPE MUDGE","1021330","BC","3.4","1","-0.7","8.0","1","-2.0","1","2.0","1","NA","111.8","1","NA","0.0","16","","","NA","438.9","0.0"
"-124.900","49.717","COMOX A","1021830","BC","3.0","0","-0.9","7.6","0","-3.5","0","0.0","0","0.0","84.3","0","49.0","0.0","11","22.5","0","39.0","465.7","0.0"
"-124.949","50.071","CORTES ISLAND TIBER BAY","1021960","BC","3.4","18","NA","9.0","18","-1.5","18","0.0","18","NA","60.7","18","NA","0.0","9","","","NA","189.2","0.0"
"-124.999","49.763","COURTENAY GRANTHAM","1021988","BC","2.2","2","NA","6.5","2","-3.5","2","0.0","2","NA","113.0","2","NA","","15","","","NA","458.3","0.0"
"-125.033","49.686","COURTENAY PUNTLEDGE","1021989","BC","1.9","0","NA","7.0","0","-6.5","0","4.0","0","NA","92.3","0","NA","0.0","13","","","NA","499.4","0.0"
"-123.811","49.209","ENTRANCE ISLAND","1022689","BC","4.1","11","NA","8.7","11","0.6","2","","","NA","41.4","7","NA","","5","","","NA","279.0","0.0"
"-125.993","50.453","FANNY ISLAND","1022795","BC","3.7","0","NA","7.4","0","-1.2","0","","","NA","147.0","0","NA","","16","","","NA","444.4","0.0"
"-123.734","49.154","GABRIOLA ISLAND","1023042","BC","2.9","2","-0.9","11.0","2","-4.0","2","0.0","2","NA","96.2","2","NA","0.0","9","","","NA","437.0","0.0"
"-125.203","50.099","HERIOT BAY SE","1023462","BC","2.8","0","NA","8.0","0","-3.0","0","0.2","0","NA","135.6","0","NA","0.0","18","","","NA","471.2","0.0"
"-124.512","49.353","LITTLE QUALICUM HATCHERY","1024638","BC","2.8","0","-0.4","9.5","0","-4.3","0","0.0","0","0.0","68.5","0","41.0","0.0","11","","","NA","472.0","0.0"
"-124.794","49.471","MUD BAY","1025240","BC","2.1","1","-1.3","8.0","1","-3.0","0","0.0","1","NA","75.4","1","NA","0.0","9","","","NA","476.5","0.0"
"-125.606","49.576","MYRA CREEK","1025254","BC","-0.1","0","NA","8.0","0","-8.0","0","13.5","0","NA","96.0","0","NA","54.0","11","","","NA","562.3","0.0"
"-123.870","49.054","NANAIMO A","1025370","BC","2.4","0","-1.1","13.3","0","-4.7","0","4.0","0","19.0","78.6","0","42.0","0.0","11","","","NA","483.2","0.0"
"-123.988","49.199","NANAIMO CITY YARD","10253G0","BC","","","NA","","","","","3.5","0","26.0","110.8","0","60.0","0.0","13","","","NA","",""
"-127.728","50.976","PINE ISLAND","1026170","BC","5.4","0","-0.1","10.0","0","-0.5","0","0.0","0","0.0","207.0","0","75.0","0.0","16","","","NA","389.6","0.0"
"-127.366","50.680","PORT HARDY A","1026270","BC","3.7","0","-0.4","8.9","0","-3.5","0","0.0","0","0.0","136.8","0","55.0","0.0","15","","","NA","442.1","0.0"
"-124.394","49.337","QUALICUM BEACH AIRPORT","1026562","BC","2.6","0","NA","9.3","0","-3.7","0","","","NA","32.8","0","NA","","6","","","NA","476.3","0.0"
"-124.617","49.394","QUALICUM R FISH RESEARCH","1026565","BC","3.3","0","-0.6","9.5","0","-4.5","0","5.0","0","48.0","79.8","0","38.0","0.0","13","","","NA","455.7","0.0"
"-125.304","50.016","QUINSAM RIVER HATCHERY","1026639","BC","2.2","2","-0.6","7.0","1","-5.5","2","1.0","1","NA","136.4","1","NA","0.0","16","","","NA","459.5","0.0"
"-124.435","49.487","SISTERS ISLAND","1027403","BC","4.3","2","NA","8.0","2","1.0","2","","","NA","","","NA","","","","","NA","398.5","0.0"
"-123.809","49.209","ENTRANCE ISLAND","102BFHH","BC","4.0","0","NA","8.5","0","-28.5","0","0.0","0","NA","84.2","0","NA","0.0","10","","","NA","433.9","0.0"
"-124.982","49.337","ALBERNI ROBERTSON CREEK","1030230","BC","0.8","0","-1.2","9.5","0","-5.0","0","7.0","0","31.0","110.7","0","33.0","0.0","11","","","NA","532.4","0.0"
"-125.216","48.786","CAPE BEALE LIGHT","1031316","BC","5.3","1","-0.6","10.0","1","-0.5","1","0.0","1","NA","198.4","1","NA","0.0","18","","","NA","381.4","0.0"
"-124.751","48.612","CARMANAH POINT","1031402","BC","","","NA","","","","","0.0","0","0.0","177.8","0","41.0","0.0","16","","","NA","",""
"-126.418","49.800","CONUMA RIVER HATCHERY","1031844","BC","","","NA","","","","","0.0","4","NA","230.0","4","NA","0.0","16","","","NA","",""
"-126.551","49.384","ESTEVAN POINT","1032730","BC","5.2","1","-0.8","10.5","1","-2.0","1","0.0","1","NA","201.8","1","NA","0.0","18","","","NA","385.2","0.0"
"-126.543","49.383","ESTEVAN POINT CS","1032731","BC","5.0","16","NA","9.4","16","-1.7","14","","","NA","88.1","16","NA","","9","","","NA","194.6","0.0"
"-126.055","49.779","GOLD RIVER TOWNSITE","1033232","BC","1.8","6","-0.3","8.0","6","-6.0","6","0.0","6","NA","106.3","6","NA","0.0","12","","","NA","406.1","0.0"
"-125.923","49.111","LENNARD ISLAND","1034600","BC","5.2","1","NA","11.0","1","-1.0","1","0.0","1","NA","213.0","1","NA","0.0","17","","","NA","383.8","0.0"
"-124.655","48.859","NITINAT RIVER HATCHERY","1035612","BC","2.4","0","-1.5","9.5","0","-5.0","0","0.6","0","4.0","263.0","0","44.0","0.0","17","","","NA","483.5","0.0"
"-126.617","49.600","NOOTKA LIGHTSTATION","1035614","BC","4.7","0","-0.9","10.5","0","-0.5","0","0.0","0","0.0","209.2","0","44.0","0.0","18","","","NA","413.3","0.0"
"-125.097","48.723","PACHENA POINT","1035940","BC","4.9","0","-0.8","9.5","0","-1.5","0","0.0","0","0.0","218.2","0","53.0","0.0","19","","","NA","407.3","0.0"
"-124.752","49.202","PORT ALBERNI COX LAKE","1036208","BC","1.5","0","-1.3","10.5","0","-5.5","0","7.8","0","30.0","135.2","0","37.0","0.0","14","","","NA","510.8","0.0"
"-127.453","50.386","PORT ALICE","1036240","BC","4.6","0","-0.3","14.0","0","-2.5","0","0.0","0","0.0","224.6","0","46.0","0.0","16","","","NA","414.6","0.0"
"-127.654","50.534","QUATSINO","1036570","BC","4.0","15","-0.3","9.0","15","-2.0","15","0.0","15","NA","92.2","15","NA","0.0","7","","","NA","223.3","0.0"
"-128.033","50.441","QUATSINO LIGHTSTATION","1036572","BC","6.2","0","0.2","13.5","0","0.0","0","0.0","0","0.0","227.8","0","66.0","0.0","17","","","NA","365.3","0.0"
"-124.927","49.317","PORT ALBERNI (AUT)","1036B06","BC","0.5","3","NA","5.3","3","-4.4","2","","","NA","99.4","4","NA","","9","","","NA","490.1","0.0"
"-128.908","50.821","SARTINE ISLAND (AUT)","1037090","BC","5.9","0","NA","8.4","0","2.3","0","","","NA","135.0","2","NA","","15","","","NA","373.6","0.0"
"-127.940","50.112","SOLANDER ISLAND (AUT)","1037553","BC","5.9","0","NA","9.4","0","2.0","0","","","NA","177.2","2","NA","","15","","","NA","374.8","0.0"
"-126.654","49.932","TAHSIS VILLAGE NORTH","1037899","BC","3.1","9","NA","10.0","9","-4.0","9","2.0","9","NA","198.0","9","NA","0.0","13","","","NA","328.9","0.0"
"-125.773","49.082","TOFINO A","1038205","BC","4.3","0","-1.0","10.4","0","-3.2","0","0.0","0","0.0","220.6","0","45.0","0.0","19","","","NA","424.1","0.0"
"-125.527","48.945","UCLUELET KENNEDY CAMP","1038332","BC","4.4","0","-1.2","12.0","0","-4.0","0","0.0","0","0.0","219.0","0","44.0","0.0","16","","","NA","422.7","0.0"
"-126.779","50.053","ZEBALLOS MURAUDE CREEK","1039035","BC","1.5","0","NA","7.5","0","-4.0","0","6.0","0","NA","210.8","0","NA","2.0","16","","","NA","512.0","0.0"
"-123.420","49.365","BOWEN ISLAND BOWEN BAY","104090R","BC","","","NA","","","","","0.0","22","NA","115.9","22","NA","","7","","","NA","",""
"-123.541","49.386","GIBSONS GOWER POINT","1043152","BC","3.5","0","-1.2","9.5","0","-2.5","0","0.0","0","0.0","124.8","0","67.0","0.0","15","","","NA","451.0","0.0"
"-123.913","49.468","MERRY ISLAND LIGHTSTATION","1045100","BC","4.4","2","-1.0","9.0","2","-0.5","2","0.0","2","NA","87.9","2","NA","0.0","12","","","NA","395.4","0.0"
"-123.299","49.488","HOWE SOUND - PAM ROCKS","10459NN","BC","3.1","9","NA","8.7","9","-2.1","1","","","NA","","","NA","","","","","NA","328.2","0.0"
"-124.032","49.634","PENDER HARBOUR","1046115","BC","","","NA","","","","","0.0","0","NA","103.2","0","NA","0.0","14","","","NA","",""
"-123.496","49.526","PORT MELLON","1046332","BC","2.8","0","NA","9.8","0","-4.1","0","","","NA","199.5","0","NA","","14","","","NA","470.1","0.0"
"-124.500","49.834","POWELL RIVER A","1046391","BC","2.2","0","-1.4","7.9","0","-6.1","0","10.2","0","75.0","97.8","0","62.0","0.0","15","","","NA","490.0","0.0"
"-124.497","49.835","POWELL RIVER","1046392","BC","2.2","13","NA","7.6","13","-5.4","13","","","NA","33.7","11","NA","","6","","","NA","283.6","0.0"
"-123.715","49.458","SECHELT AUT","1047172","BC","2.3","0","NA","9.6","0","-4.9","0","","","NA","71.5","0","NA","","11","","","NA","485.8","0.0"
"-123.161","49.783","SQUAMISH AIRPORT","10476F0","BC","0.3","0","NA","7.5","0","-9.9","0","","","NA","134.0","0","NA","10.0","14","","","NA","548.6","0.0"
"-122.955","50.129","WHISTLER","1048898","BC","-3.7","0","-1.6","4.2","0","-16.5","0","80.9","0","79.0","70.4","0","40.0","75.0","9","","","NA","673.1","0.0"
"-131.016","51.936","CAPE ST JAMES CS","1051351","BC","","","NA","","","2.5","0","","","NA","97.6","3","NA","","15","","","NA","",""
"-132.772","53.316","KINDAKUN ROCKS (AUT)","1054222","BC","6.0","0","NA","12.0","0","1.3","0","","","NA","149.6","3","NA","","22","","","NA","371.9","0.0"
"-133.058","54.255","LANGARA","1054500","BC","4.6","0","0.6","8.1","0","-4.0","0","0.0","0","0.0","152.4","0","74.0","0.0","20","","","NA","416.8","0.0"
"-133.058","54.255","LANGARA ISLAND RCS","1054503","BC","4.7","0","NA","7.9","0","0.4","0","","","NA","0.0","3","NA","","0","","","NA","413.0","0.0"
"-132.167","54.000","MASSET A","1054925","BC","4.4","0","NA","8.5","0","-2.0","0","0.3","0","NA","146.2","0","NA","0.0","20","","","NA","422.8","0.0"
"-131.661","54.159","ROSE SPIT (AUT)","1056869","BC","4.8","0","NA","8.0","0","0.0","0","","","NA","152.6","3","NA","","17","","","NA","408.0","0.0"
"-131.813","53.254","SANDSPIT A","1057050","BC","4.8","0","0.8","11.0","0","-2.0","0","0.0","0","0.0","111.9","0","59.0","0.0","17","","","NA","409.3","0.0"
"-131.814","53.254","SANDSPIT","1057052","BC","4.8","2","NA","9.9","2","-1.3","2","","","NA","63.6","4","NA","","11","","","NA","382.9","0.0"
"-131.814","53.254","SANDSPIT AWOS","1057055","BC","4.9","0","NA","10.0","0","-1.3","0","","","NA","46.0","0","NA","","4","","","NA","404.7","0.0"
"-132.297","53.764","SEWALL MASSET INLET","105PA91","BC","4.4","5","NA","9.0","5","-1.0","5","0.0","5","NA","100.8","5","NA","0.0","19","","","NA","354.6","0.0"
"-127.864","51.604","ADDENBROKE ISLAND","1060080","BC","4.4","0","-0.3","10.5","0","-2.0","0","0.0","0","0.0","255.0","0","63.0","0.0","17","","","NA","421.7","0.0"
"-128.157","52.185","BELLA BELLA","1060815","BC","2.9","1","NA","8.1","1","-7.3","1","","","NA","229.5","1","NA","","18","","","NA","452.7","0.0"
"-126.596","52.388","BELLA COOLA A","1060841","BC","0.3","0","0.1","8.2","0","-11.5","0","8.6","0","28.0","100.6","0","64.0","0.0","15","","","NA","549.1","0.0"
"-128.524","52.643","BOAT BLUFF","1060901","BC","4.2","0","0.6","9.5","0","-2.0","0","0.8","0","3.0","415.2","0","69.0","0.0","20","","","NA","427.8","0.0"
"-130.638","53.493","BONILLA ISLAND","1060902","BC","5.6","0","0.6","8.0","0","1.0","0","0.0","0","0.0","228.8","0","96.0","0.0","18","","","NA","384.6","0.0"
"-130.633","53.500","BONILLA ISLAND (AUT)","1060R0K","BC","5.9","2","NA","8.4","1","1.4","2","","","NA","80.0","9","NA","","10","","","NA","350.7","0.0"
"-127.470","52.187","CATHEDRAL POINT (AUT)","1061458","BC","3.3","2","NA","7.5","0","-1.7","2","","","NA","167.0","5","NA","","12","","","NA","427.7","0.0"
"-131.601","53.030","CUMSHEWA ISLAND","1062251","BC","6.2","0","NA","11.0","0","2.0","0","","","NA","","","NA","","","","","NA","366.1","0.0"
"-128.112","52.185","DRYAD POINT","1062544","BC","4.3","0","0.0","9.0","0","-2.5","0","0.0","0","0.0","192.2","0","69.0","0.0","19","","","NA","425.9","0.0"
"-127.835","51.247","EGG ISLAND","1062646","BC","4.5","0","-0.4","9.0","0","-1.5","0","0.0","0","0.0","205.6","0","65.0","0.0","17","","","NA","418.3","0.0"
"-130.708","54.569","GREEN ISLAND","1063298","BC","4.7","0","1.5","8.5","0","-1.5","0","0.0","0","0.0","181.0","0","68.0","0.0","20","","","NA","411.1","0.0"
"-130.698","54.580","GREY ISLET (AUT)","1063303","BC","4.7","0","NA","8.6","0","-1.5","0","","","NA","168.0","1","NA","","21","","","NA","411.5","0.0"
"-127.632","50.940","HERBERT ISLAND (AUT)","1063461","BC","5.4","2","NA","8.9","2","1.1","1","","","NA","117.8","2","NA","","11","","","NA","365.3","0.0"
"-130.361","54.172","HOLLAND ROCK","1063496","BC","5.0","0","NA","11.2","0","-1.1","0","","","NA","10.4","1","NA","","4","","","NA","403.0","0.0"
"-128.407","52.270","IVORY ISLAND","1063690","BC","4.5","0","0.1","10.0","0","-2.0","0","0.0","0","0.0","205.8","0","69.0","0.0","19","","","NA","419.3","0.0"
"-127.943","53.563","KEMANO","1064020","BC","-1.1","1","0.4","8.5","0","-14.0","1","10.5","0","18.0","118.0","0","47.0","9.0","17","","","NA","573.6","0.0"
"-128.634","54.054","KITIMAT TOWNSITE","1064320","BC","-0.1","0","1.6","6.0","0","-13.0","0","32.5","0","35.0","157.9","0","55.0","0.0","20","","","NA","561.6","0.0"
"-128.705","54.010","KITIMAT 2","1064321","BC","0.2","1","1.2","7.0","1","-12.5","1","18.0","1","NA","185.1","1","NA","","21","","","NA","532.9","0.0"
"-128.641","54.065","KITIMAT 3","1064322","BC","","","NA","","","","","37.0","13","NA","85.8","13","NA","","11","","","NA","",""
"-130.729","54.359","LUCY ISLAND LIGHTSTATION","1064728","BC","3.1","0","NA","8.6","0","-2.4","0","","","NA","","","NA","","","","","NA","461.6","0.0"
"-130.445","54.286","PRINCE RUPERT","1066482","BC","3.9","1","NA","9.6","1","-4.4","1","","","NA","157.7","2","NA","","20","","","NA","424.3","0.0"
"-130.290","54.320","PRINCE RUPERT MONT CIRC","1066488","BC","","","NA","","","","","3.0","9","NA","217.2","9","NA","","18","","","NA","",""
"-129.985","55.936","STEWART A","1067742","BC","-0.7","0","2.3","5.8","0","-14.7","0","55.8","0","34.0","119.4","0","50.0","19.0","20","","","NA","579.1","0.0"
"-126.067","52.368","STUIE TWEEDSMUIR LODGE","1067776","BC","-1.0","0","0.9","7.5","0","-14.0","0","38.0","0","109.0","63.4","0","64.0","17.0","13","","","NA","589.1","0.0"
"-128.578","54.466","TERRACE A","1068130","BC","-2.9","15","0.1","4.5","15","-14.0","15","15.6","15","NA","24.9","15","NA","","8","","","NA","334.6","0.0"
"-128.625","54.502","TERRACE PCC","1068131","BC","0.0","0","1.9","8.0","0","-15.0","0","12.0","0","27.0","58.2","0","43.0","1.0","14","","","NA","559.1","0.0"
"-128.578","54.469","TERRACE A","1068134","BC","1.5","16","NA","6.2","16","-3.2","16","16.6","17","NA","48.9","17","NA","","10","","","NA","247.4","0.0"
"-130.880","54.295","TRIPLE ISLAND","1068250","BC","5.4","0","NA","10.0","0","0.0","0","0.0","0","NA","81.6","0","NA","0.0","16","","","NA","391.5","0.0"
"-128.682","54.044","KITIMAT HATCHERY","106D289","BC","1.1","11","NA","6.0","11","-8.5","11","0.0","11","NA","111.0","11","NA","22.0","16","","","NA","337.8","0.0"
"-126.277","54.199","EQUITY SILVER","1072692","BC","-5.0","1","3.4","5.5","1","-23.0","1","41.6","1","NA","41.6","1","NA","0.0","6","","","NA","691.2","0.0"
"-126.668","54.396","HOUSTON","1073615","BC","-4.8","3","NA","9.0","3","-20.0","3","25.0","3","NA","25.0","3","NA","0.0","5","","","NA","637.7","0.0"
"-129.029","55.238","NASS CAMP","1075384","BC","-2.3","0","3.3","11.0","0","-19.0","0","41.6","0","49.0","59.6","0","43.0","27.0","15","","","NA","629.2","0.0"
"-127.183","54.825","SMITHERS","1077499","BC","-5.7","2","NA","7.3","2","-20.5","2","","","NA","9.9","2","NA","","4","","","NA","687.8","0.0"
"-127.183","54.825","SMITHERS A","1077500","BC","-5.9","0","1.4","7.2","0","-22.8","0","29.2","0","66.0","16.6","0","39.0","28.0","5","","","NA","740.2","0.0"
"-126.163","54.816","TOPLEY LANDING","1078209","BC","-7.6","0","1.0","7.5","0","-25.0","0","21.0","0","42.0","21.0","0","39.0","0.0","9","","","NA","792.2","0.0"
"-127.171","55.289","SUSKWA VALLEY","107G879","BC","-4.4","0","2.0","5.5","0","-23.0","0","31.5","0","68.0","35.6","0","59.0","48.0","14","","","NA","694.2","0.0"
"-125.997","53.772","OOTSA L SKINS L SPILLWAY","1085835","BC","-7.2","0","0.6","6.5","0","-27.0","0","28.6","0","90.0","28.6","0","78.0","0.0","7","","","NA","780.0","0.0"
"-125.997","53.772","OOTSA LAKESKINS LAKE CLIMATE","1085836","BC","-6.7","0","NA","6.1","0","-27.3","0","","","NA","27.5","1","NA","12.0","8","","","NA","764.8","0.0"
"-122.734","50.306","PEMBERTON AIRPORT CS","1086082","BC","-5.6","0","NA","3.0","0","-18.7","0","","","NA","69.8","0","NA","33.0","8","","","NA","731.8","0.0"
"-124.136","52.114","PUNTZI MOUNTAIN (AUT)","1086558","BC","-10.7","0","NA","10.0","0","-35.7","0","","","NA","32.1","0","NA","30.0","7","","","NA","889.8","0.0"
"-124.403","51.675","TATLAYOKO LAKE RCS","1088015","BC","-4.7","0","NA","12.3","0","-21.1","0","","","NA","21.1","0","NA","24.0","6","","","NA","704.8","0.0"
"-121.515","53.069","BARKERVILLE","1090660","BC","-6.0","0","1.6","4.5","0","-22.5","0","89.1","0","102.0","89.1","0","93.0","79.0","15","","","NA","743.0","0.0"
"-125.959","54.383","BURNS LAKE DECKER LAKE","1091174","BC","-9.7","0","NA","6.6","0","-28.6","0","","","NA","20.9","2","NA","54.0","5","","","NA","858.2","0.0"
"-120.700","53.600","CRESCENT SPUR","1092120","BC","-4.1","0","NA","4.5","0","-19.0","0","81.3","0","NA","83.5","0","NA","60.0","14","","","NA","686.3","0.0"
"-124.286","54.455","FORT ST JAMES","1092970","BC","-7.7","13","1.8","5.0","13","-25.0","13","18.0","13","NA","18.0","13","NA","32.0","7","","","NA","463.0","0.0"
"-122.699","53.531","HIXON","1093474","BC","-5.8","23","0.9","2.0","23","-18.0","23","13.0","23","NA","15.4","23","NA","0.0","4","","","NA","190.5","0.0"
"-121.364","52.363","HORSEFLY LAKE GRUHS LAKE","1093600","BC","-7.0","4","0.0","4.5","4","-23.0","4","38.0","4","NA","44.7","4","NA","57.0","10","","","NA","673.9","0.0"
"-122.374","52.380","MCLEESE LAKE FRASERVIEW","1095015","BC","-6.4","0","-0.2","4.0","0","-23.0","0","28.0","0","102.0","28.0","0","81.0","42.0","7","","","NA","756.5","0.0"
"-122.286","52.531","MCLEESE LAKE GRANITE MT","1095018","BC","-3.6","1","NA","7.0","0","-21.0","1","39.7","1","NA","39.7","0","NA","57.0","11","","","NA","648.2","0.0"
"-122.678","53.884","PRINCE GEORGE","1096439","BC","-7.2","1","NA","6.6","1","-27.3","1","","","NA","21.6","1","NA","","7","","","NA","756.8","0.0"
"-122.672","53.889","PRINCE GEORGE AIRPORT AUTO","1096453","BC","-6.9","0","NA","6.8","0","-27.0","0","","","NA","31.1","0","NA","46.0","10","","","NA","773.2","0.0"
"-122.768","53.880","PRINCE GEORGE STP","1096468","BC","-5.6","0","1.1","9.0","0","-27.0","0","50.1","0","117.0","50.9","0","94.0","54.0","13","","","NA","731.3","0.0"
"-122.510","53.026","QUESNEL","1096629","BC","-7.7","1","NA","4.4","1","-25.6","1","","","NA","16.0","3","NA","","7","","","NA","770.8","0.0"
"-122.506","53.027","QUESNEL AIRPORT AUTO","1096631","BC","-7.8","0","NA","4.7","0","-26.2","0","","","NA","31.3","0","NA","47.0","8","","","NA","800.6","0.0"
"-121.686","52.184","SPOKIN LAKE 4E","1097646","BC","-7.4","0","0.2","7.0","0","-30.0","0","28.0","0","77.0","30.6","0","67.0","0.0","10","","","NA","786.3","0.0"
"-122.054","52.183","WILLIAMS LAKE","1098941","BC","-6.9","6","NA","4.4","6","-24.8","6","19.1","7","NA","19.2","7","NA","49.0","5","","","NA","622.0","0.0"
"-124.017","54.033","VANDERHOOF","1098D90","BC","-8.5","0","0.5","9.0","0","-28.0","0","41.9","0","111.0","41.9","0","94.0","0.0","8","","","NA","820.0","0.0"
"-122.489","52.541","CASTLE ROCK 6 NORTH","109A4NG","BC","-6.6","0","NA","5.0","0","-26.5","0","33.6","0","NA","33.6","0","NA","37.0","6","","","NA","761.6","0.0"
"-121.404","51.705","108 MILE HOUSE ABEL LAKE","109E7R6","BC","-5.2","0","NA","14.5","0","-26.5","0","41.0","0","NA","41.4","0","NA","49.0","11","","","NA","718.9","0.0"
"-122.360","49.025","ABBOTSFORD","1100031","BC","2.2","6","NA","9.6","6","-7.7","6","0.0","6","NA","135.7","6","NA","","14","","","NA","395.7","0.0"
"-121.760","49.243","AGASSIZ RCS","1100119","BC","2.5","0","-0.9","8.9","0","-5.5","0","","","NA","202.2","0","NA","","16","","","NA","479.2","0.0"
"-121.760","49.243","AGASSIZ CDA","1100120","BC","2.7","0","-0.7","9.0","0","-5.5","0","0.0","0","0.0","217.0","0","90.0","0.0","17","","","NA","474.8","0.0"
"-122.955","50.129","WHISTLER - NESTERS","1100875","BC","-3.3","0","NA","4.1","0","-16.3","0","","","NA","51.1","0","NA","57.0","8","","","NA","660.7","0.0"
"-122.936","50.102","BLACKCOMB BASE SLIDING CENTER","1100881","BC","-2.5","0","NA","5.6","0","-13.0","0","","","NA","49.1","0","NA","95.0","8","","","NA","634.7","0.0"
"-122.918","49.278","BURNABY SIMON FRASER U","1101158","BC","1.4","19","-2.2","6.0","19","-5.0","19","1.6","19","NA","36.4","19","NA","","7","","","NA","199.4","0.0"
"-123.111","50.144","CALLAGHAN VALLEY","1101300","BC","-1.7","0","NA","7.5","0","-15.0","0","","","NA","29.2","0","NA","138.0","7","","","NA","611.6","0.0"
"-121.925","49.172","CHILLIWACK","1101530","BC","2.4","0","-0.9","9.5","0","-6.5","0","1.0","0","4.0","192.2","0","82.0","0.0","16","","","NA","483.9","0.0"
"-122.698","49.109","CLOVERDALE EAST","1101708","BC","0.2","29","NA","5.0","29","-3.5","29","0.0","29","NA","0.0","29","NA","","0","","","NA","35.7","0.0"
"-122.866","49.269","COQUITLAM COMO LAKE AVE","1101889","BC","","","NA","","","","","1.2","0","5.0","196.7","0","71.0","0.0","17","","","NA","",""
"-121.700","49.083","CHILLIWACK R HATCHERY","1101N65","BC","0.5","0","-1.3","6.5","0","-7.5","0","8.2","0","38.0","150.7","0","83.0","0.0","14","","","NA","542.4","0.0"
"-123.002","49.126","DELTA BURNS BOG","1102415","BC","1.9","1","NA","9.8","1","-9.0","0","","","NA","123.3","0","NA","","16","","","NA","483.9","0.0"
"-123.093","49.011","DELTA TSAWWASSEN BEACH","1102425","BC","3.5","0","-1.6","10.5","0","-4.0","0","0.0","0","0.0","131.4","0","98.0","0.0","17","","","NA","449.7","0.0"
"-122.551","49.144","FORT LANGLEY TELEGRAPH TRAIL","1102912","BC","2.2","2","NA","10.0","2","-6.5","2","1.0","2","NA","190.0","2","NA","0.0","17","","","NA","458.2","0.0"
"-122.573","49.264","HANEY UBC RF ADMIN","1103332","BC","1.4","0","-1.9","8.0","0","-6.0","0","0.0","0","0.0","238.5","0","77.0","0.0","16","","","NA","516.1","0.0"
"-121.580","49.357","LAIDLAW","1104488","BC","1.2","0","-1.0","8.0","0","-7.5","0","8.5","0","34.0","265.5","0","92.0","0.0","16","","","NA","521.1","0.0"
"-122.271","49.153","MISSION WEST ABBEY","1105192","BC","1.6","0","-1.6","7.5","0","-6.5","0","5.0","0","22.0","237.0","0","94.0","0.0","17","","","NA","507.1","0.0"
"-123.078","49.182","RICHMOND OPERATIONS CENTRE","1105210","BC","","","NA","","","","","","","NA","122.6","1","NA","","16","","","NA","",""
"-123.081","49.368","N VANC GROUSE MTN RESORT","1105658","BC","-0.2","12","0.2","12.0","12","-10.0","12","9.0","12","NA","35.2","12","NA","0.0","6","","","NA","345.2","0.0"
"-123.119","49.314","N VANCOUVER WHARVES","1105669","BC","","","NA","","","","","0.0","10","NA","114.3","10","NA","","9","","","NA","",""
"-122.690","49.208","PITT MEADOWS CS","1106178","BC","1.9","0","NA","9.6","0","-7.2","0","","","NA","194.9","0","NA","","16","","","NA","500.1","0.0"
"-123.265","49.330","POINT ATKINSON","1106200","BC","3.8","0","NA","8.8","0","-1.9","0","","","NA","86.2","2","NA","","11","","","NA","438.8","0.0"
"-123.087","49.179","RICHMOND DALLYN 2","1106764","BC","","","NA","","","","","0.8","0","NA","128.6","0","NA","0.0","15","","","NA","",""
"-123.093","49.171","RICHMOND NATURE PARK","1106PF7","BC","2.9","3","-1.1","9.5","1","-5.0","3","0.5","1","NA","128.1","1","NA","0.0","14","","","NA","422.6","0.0"
"-123.303","49.106","SANDHEADS CS","1107010","BC","3.8","0","NA","9.6","0","-1.3","0","","","NA","","","NA","","","","","NA","440.1","0.0"
"-122.110","49.113","SUMAS CANAL","1107785","BC","3.8","13","NA","11.0","8","-5.0","9","1.0","8","NA","220.0","8","NA","0.0","12","","","NA","256.2","0.0"
"-123.122","49.295","VANCOUVER HARBOUR CS","1108446","BC","3.7","2","NA","8.7","2","-2.8","2","","","NA","140.5","2","NA","","16","","","NA","415.6","0.0"
"-123.182","49.195","VANCOUVER INT'L A","1108447","BC","2.8","0","-1.3","10.0","0","-5.9","0","0.0","0","0.0","100.4","0","60.0","0.0","15","44.9","1","NA","470.8","0.0"
"-123.193","49.347","WEST VANCOUVER AUT","1108824","BC","2.8","4","NA","9.7","4","-4.8","3","","","NA","162.3","3","NA","","13","","","NA","410.4","0.0"
"-122.947","50.068","WHISTLER ROUNDHOUSE","1108906","BC","-2.9","0","NA","7.5","0","-16.0","0","109.0","0","NA","109.0","0","NA","184.0","15","","","NA","648.1","0.0"
"-122.784","49.018","WHITE ROCK CAMPBELL SCIENTIFIC","1108910","BC","3.5","0","NA","11.0","0","-4.7","0","","","NA","151.0","0","NA","","18","","","NA","450.5","0.0"
"-122.967","49.438","N VAN SEYMOUR HATCHERY","110N666","BC","0.5","3","-1.6","7.0","3","-7.0","3","1.0","3","NA","238.2","3","NA","0.0","15","","","NA","490.0","0.0"
"-121.498","49.368","HOPE","1113542","BC","1.2","2","NA","9.0","2","-7.2","2","","","NA","168.9","3","NA","","15","","","NA","488.3","0.0"
"-121.493","49.370","HOPE AIRPORT","1113543","BC","1.1","0","NA","9.3","0","-7.4","0","9.0","28","NA","215.9","2","NA","","16","","","NA","524.6","0.0"
"-121.236","49.275","HOPE SLIDE","1113581","BC","-2.7","0","-1.0","3.5","0","-15.0","0","83.0","0","120.0","133.8","0","76.0","60.0","15","","","NA","642.8","0.0"
"-121.934","50.684","LILLOOET","1114619","BC","-3.2","1","NA","7.2","1","-16.6","0","","","NA","","","NA","","","","","NA","634.7","0.0"
"-121.582","50.224","LYTTON","1114739","BC","-2.4","0","NA","9.8","0","-14.2","0","","","NA","57.0","0","NA","","7","","","NA","631.4","0.0"
"-121.608","50.257","LYTTON 2","1114745","BC","","","NA","","","","","56.4","26","NA","81.6","26","NA","","4","","","NA","",""
"-121.582","50.224","LYTTON RCS","1114746","BC","-2.5","0","NA","9.7","0","-14.5","0","","","NA","55.9","1","NA","20.0","6","","","NA","636.4","0.0"
"-120.069","49.364","HEDLEY N","1123370","BC","-5.0","0","NA","4.5","0","-18.5","0","48.4","0","NA","48.4","0","NA","0.0","7","","","NA","714.4","0.0"
"-120.022","49.369","HEDLEY NP MINE","1123390","BC","-3.1","2","1.4","8.0","2","-16.0","2","91.0","2","NA","91.0","2","NA","75.0","10","","","NA","611.2","0.0"
"-120.333","49.673","JELLICOE","1123721","BC","-6.5","1","NA","7.5","1","-25.5","1","53.0","1","NA","53.0","1","NA","55.0","11","","","NA","734.9","0.0"
"-119.378","49.957","KELOWNA","1123939","BC","-3.6","0","NA","3.6","0","-18.0","0","","","NA","15.9","0","NA","","6","","","NA","670.6","0.0"
"-119.573","49.842","KELOWNA QUAILS GATE","1123993","BC","-1.6","13","NA","6.0","8","-10.5","8","6.0","5","NA","7.6","5","NA","0.0","3","","","NA","353.0","0.0"
"-119.400","49.950","KELOWNA MWS0","11239R0","BC","-2.7","0","NA","4.2","0","-15.1","0","36.6","0","NA","29.4","0","NA","20.0","10","","","NA","640.2","0.0"
"-120.778","50.113","MERRITT","1125073","BC","-5.8","0","NA","9.1","0","-19.6","0","","","NA","","","NA","","","","","NA","738.7","0.0"
"-120.801","50.114","MERRITT STP","1125079","BC","-5.3","0","-2.4","10.0","0","-17.0","0","6.0","0","36.0","6.0","0","20.0","0.0","2","","","NA","722.3","0.0"
"-119.445","50.056","OKANAGAN CENTRE","1125700","BC","-1.4","0","-1.0","5.0","0","-10.5","0","40.4","0","167.0","44.6","0","101.0","7.0","8","","","NA","602.9","0.0"
"-119.545","49.179","OLIVER STP","1125766","BC","-2.3","9","-1.5","6.0","9","-12.0","9","8.0","9","NA","8.0","9","NA","0.0","3","","","NA","446.7","0.0"
"-119.441","49.028","OSOYOOS CS","1125852","BC","-2.9","0","-2.0","6.9","0","-12.5","0","","","NA","18.9","0","NA","4.0","6","","","NA","648.8","0.0"
"-119.717","49.783","PEACHLAND","1126070","BC","-1.5","0","-1.3","5.5","0","-11.0","0","54.0","0","227.0","57.0","0","132.0","15.0","7","","","NA","604.4","0.0"
"-119.602","49.463","PENTICTON","1126146","BC","-2.6","2","NA","5.1","2","-11.8","2","22.4","2","NA","33.8","2","NA","1.0","5","","","NA","596.1","0.0"
"-120.513","49.468","PRINCETON A","1126510","BC","-6.8","0","-1.8","9.5","0","-23.5","0","39.8","0","118.0","33.3","0","84.0","27.0","4","","","NA","767.5","0.0"
"-119.309","50.264","VERNON BELLA VISTA","1128553","BC","-2.9","2","-0.8","4.5","1","-15.0","1","37.6","1","NA","37.6","1","NA","30.0","9","","","NA","605.6","0.0"
"-119.194","50.223","VERNON AUTO","1128582","BC","-4.5","0","NA","2.8","0","-18.7","0","","","NA","38.5","0","NA","","8","","","NA","697.0","0.0"
"-119.270","50.344","VERNON NORTH","1128583","BC","-3.0","0","-0.2","3.0","0","-14.0","0","65.0","0","160.0","65.0","0","125.0","26.0","10","","","NA","650.9","0.0"
"-119.056","50.359","VERNON SILVER STAR LODGE","1128584","BC","-6.7","4","NA","0.0","4","-18.5","4","120.5","4","NA","120.5","4","NA","190.0","14","","","NA","667.2","0.0"
"-119.415","50.037","WINFIELD","1128958","BC","-2.8","0","-0.9","4.0","0","-12.5","0","31.6","0","116.0","34.6","0","100.0","27.0","7","","","NA","643.3","0.0"
"-120.510","49.465","PRINCETON CS","112FN0M","BC","-7.0","1","NA","9.0","1","-24.2","0","","","NA","31.6","1","NA","33.0","6","","","NA","750.2","0.0"
"-119.649","49.563","SUMMERLAND CS","112G8L1","BC","-2.8","0","-1.4","6.5","0","-13.4","0","","","NA","","","NA","","","","","NA","645.9","0.0"
"-118.773","49.000","MIDWAY","1135126","BC","-5.7","0","-1.5","5.0","0","-21.0","0","38.0","0","128.0","38.0","0","101.0","33.0","7","","","NA","736.0","0.0"
"-118.228","49.017","BILLINGS","1140876","BC","-4.3","7","-1.0","4.0","7","-15.0","7","26.4","7","NA","27.2","7","NA","31.0","5","","","NA","535.9","0.0"
"-117.633","49.296","CASTLEGAR A","1141455","BC","-2.6","0","-1.0","5.5","0","-12.9","0","41.9","0","76.0","38.2","0","51.0","31.0","6","","","NA","638.4","0.0"
"-117.774","49.343","CASTLEGAR BCHPA DAM","1141457","BC","-1.1","2","0.1","9.0","1","-8.0","1","33.0","1","NA","43.8","1","NA","14.0","9","","","NA","554.1","0.0"
"-116.518","49.097","CRESTON","1142160","BC","-1.8","0","-0.2","6.5","0","-9.0","0","39.0","0","102.0","52.0","0","76.0","7.0","11","","","NA","612.6","0.0"
"-116.971","50.239","DUNCAN LAKE DAM","1142574","BC","-2.2","1","0.7","5.5","0","-12.0","0","42.0","0","75.0","59.2","0","64.0","34.0","13","","","NA","605.2","0.0"
"-118.068","49.872","FAUQUIER","1142820","BC","-2.2","1","-0.5","6.0","1","-13.0","1","62.0","1","NA","82.0","1","NA","24.0","12","","","NA","605.3","0.0"
"-116.921","49.913","KASLO","1143900","BC","-1.7","0","0.4","4.5","0","-13.5","0","56.0","0","95.0","67.4","0","64.0","37.0","15","","","NA","610.7","0.0"
"-116.458","49.032","LISTER","1144635","BC","-2.5","0","-0.6","7.5","0","-12.0","0","15.0","0","46.0","17.0","0","30.0","0.0","5","","","NA","635.1","0.0"
"-117.817","50.269","NAKUSP CS","1145297","BC","-1.8","0","NA","5.2","0","-10.8","0","","","NA","66.4","1","NA","26.0","14","","","NA","612.7","0.0"
"-117.206","49.586","NELSON NE","1145442","BC","-0.7","0","NA","5.5","0","-10.0","0","43.2","0","NA","51.8","0","NA","22.0","10","","","NA","580.9","0.0"
"-117.370","49.996","NEW DENVER","1145460","BC","-1.7","0","0.1","7.0","0","-12.0","0","72.0","0","125.0","89.8","0","89.0","30.0","16","","","NA","609.8","0.0"
"-117.305","49.491","NELSON CS","1145M29","BC","-1.3","0","NA","5.3","0","-9.4","0","","","NA","39.4","0","NA","8.0","12","","","NA","599.5","0.0"
"-117.739","49.112","WARFIELD RCS","1148705","BC","-3.2","1","NA","4.5","1","-13.1","0","","","NA","34.7","5","NA","42.0","9","","","NA","636.2","0.0"
"-116.501","49.082","CRESTON CAMPBELL SCIENTIFIC","114B1F0","BC","-1.8","0","NA","7.2","0","-9.4","0","","","NA","22.9","0","NA","8.0","6","","","NA","613.0","0.0"
"-117.399","49.512","NELSON RIXEN CREEK","114EMDM","BC","-3.4","0","NA","3.5","0","-12.5","0","67.8","0","NA","70.8","0","NA","45.0","16","","","NA","664.3","0.0"
"-115.221","49.226","BAYNES LAKE KOOTENAY RIVER","1150690","BC","-4.2","3","1.4","7.0","3","-17.0","3","7.0","3","NA","10.4","3","NA","0.0","6","","","NA","620.6","0.0"
"-115.782","49.612","CRANBROOK A","1152105","BC","-7.0","4","NA","5.1","4","-22.9","4","20.5","4","NA","19.1","4","NA","20.0","5","","","NA","675.1","0.0"
"-115.072","49.489","FERNIE","1152850","BC","-4.3","1","0.9","7.5","1","-20.0","1","32.0","1","NA","54.0","1","NA","54.0","9","","","NA","667.8","0.0"
"-114.855","50.149","FORDING RIVER COMINCO","1152899","BC","-7.0","28","2.9","3.0","21","-25.0","21","25.4","20","NA","25.4","20","NA","49.0","5","","","NA","74.9","0.0"
"-115.461","49.524","FT STEELE DANDY CRK","1153034","BC","-6.3","16","NA","7.5","9","-19.0","9","24.5","10","NA","24.5","10","NA","15.0","6","","","NA","364.2","0.0"
"-115.962","49.631","KIMBERLEY PCC","1154203","BC","-6.1","9","0.7","7.0","9","-20.5","9","16.9","9","NA","16.9","9","NA","36.0","7","","","NA","530.2","0.0"
"-116.061","50.631","KOOTENAY NP WEST GATE","1154410","BC","-6.3","7","0.5","2.0","7","-15.5","7","15.4","7","NA","16.6","7","NA","13.0","6","","","NA","583.8","0.0"
"-114.883","49.745","SPARWOOD","1157630","BC","-5.5","0","1.0","5.0","0","-20.5","0","38.1","0","76.0","24.7","0","46.0","12.0","6","","","NA","728.6","0.0"
"-114.886","49.745","SPARWOOD CS","1157631","BC","-5.8","0","NA","5.2","0","-19.7","0","","","NA","","","NA","","","","","NA","736.3","0.0"
"-121.281","50.708","ASHCROFT","1160515","BC","-4.4","0","NA","4.1","0","-17.3","0","","","NA","","","NA","","","","","NA","695.8","0.0"
"-119.290","52.129","BLUE RIVER A","1160899","BC","-6.6","0","0.7","4.4","0","-23.7","0","97.6","0","86.0","67.6","0","64.0","72.0","14","","","NA","761.1","0.0"
"-119.290","52.129","BLUE RIVER CS","1160H99","BC","-6.8","0","NA","4.0","0","-24.2","0","","","NA","","","NA","","","","","NA","767.6","0.0"
"-121.083","51.708","BUFFALO LAKE","1161104","BC","-7.6","1","0.2","4.0","1","-29.5","1","33.4","1","NA","35.2","1","NA","45.0","11","","","NA","768.8","0.0"
"-121.505","51.145","CLINTON (AUT)","1161661","BC","-7.1","0","NA","3.0","0","-22.8","0","","","NA","34.5","0","NA","","8","","","NA","777.5","0.0"
"-120.728","51.030","CRISS CREEK","1162177","BC","-7.7","0","-0.2","5.0","0","-27.5","0","52.2","0","181.0","52.2","0","170.0","54.0","12","","","NA","797.1","0.0"
"-120.183","51.297","DARFIELD","1162265","BC","-4.6","0","0.0","4.0","0","-18.0","0","34.4","0","106.0","36.0","0","84.0","31.0","12","","","NA","699.5","0.0"
"-120.442","50.702","KAMLOOPS A","1163780","BC","-3.7","0","-1.0","4.3","0","-17.0","0","24.4","0","130.0","21.6","0","102.0","27.0","6","","","NA","674.2","0.0"
"-120.442","50.702","KAMLOOPS AUT","1163842","BC","-3.7","0","NA","4.1","0","-16.7","0","","","NA","17.6","1","NA","25.0","7","","","NA","673.5","0.0"
"-121.217","51.681","100 MILE HOUSE 6NE","1165793","BC","-8.6","0","NA","5.0","0","-32.0","0","43.6","0","NA","44.4","0","NA","47.0","11","","","NA","823.3","0.0"
"-120.800","50.935","RED LAKE","1166658","BC","-5.7","0","0.5","5.0","0","-18.0","0","55.4","0","163.0","55.4","0","156.0","41.0","9","","","NA","736.1","0.0"
"-120.979","51.845","RUTH LAKE","1166912","BC","-5.9","0","0.9","2.5","0","-22.5","0","44.0","0","101.0","44.0","0","99.0","51.0","10","","","NA","739.7","0.0"
"-119.234","50.686","SALMON ARM A","1166R45","BC","-4.2","4","-0.6","4.0","4","-18.0","4","39.0","4","NA","39.0","4","NA","0.0","10","","","NA","600.2","0.0"
"-119.350","50.545","SILVER CREEK","1167337","BC","-3.6","0","-0.2","5.0","0","-19.5","0","49.7","0","114.0","51.1","0","85.0","32.0","8","","","NA","669.5","0.0"
"-119.778","51.576","VAVENBY","1168520","BC","-5.2","0","0.0","4.0","0","-18.0","0","44.6","0","164.0","45.4","0","115.0","36.0","9","","","NA","719.3","0.0"
"-119.751","50.469","WESTWOLD","1168880","BC","-5.4","19","-1.3","3.0","19","-20.0","19","13.0","19","NA","13.0","19","NA","","2","","","NA","280.5","0.0"
"-120.200","50.600","KAMLOOPS PRATT ROAD","116C8P0","BC","-5.9","7","NA","3.0","7","-18.0","7","32.8","7","NA","32.8","7","NA","","5","","","NA","572.6","0.0"
"-119.291","50.703","SALMON ARM CS","116FRMN","BC","-2.9","2","-0.3","5.6","2","-15.2","0","","","NA","27.5","4","NA","31.0","6","","","NA","607.3","0.0"
"-119.918","50.902","SUN PEAKS UPPER","116QK0M","BC","-7.2","2","NA","2.0","1","-23.5","1","61.6","1","NA","61.6","1","NA","182.0","12","","","NA","730.1","0.0"
"-116.982","51.299","GOLDEN A","1173210","BC","-7.2","4","0.8","3.0","4","-18.0","4","49.6","4","NA","31.8","4","NA","39.0","6","","","NA","679.2","0.0"
"-118.425","51.630","GOLDSTREAM RIVER","1173242","BC","-4.8","0","1.7","2.0","0","-18.0","0","110.0","0","86.0","110.0","0","81.0","0.0","17","","","NA","706.5","0.0"
"-118.585","52.053","MICA DAM","1175122","BC","-3.4","0","1.4","2.0","0","-14.5","0","152.0","0","99.0","152.0","0","82.0","110.0","22","","","NA","664.7","0.0"
"-118.183","50.967","REVELSTOKE","1176745","BC","-2.7","1","NA","2.0","1","-13.9","1","","","NA","64.3","3","NA","","9","","","NA","621.1","0.0"
"-118.183","50.961","REVELSTOKE A","1176749","BC","-2.8","3","NA","2.1","3","-15.6","1","53.0","18","NA","53.6","5","NA","22.0","8","","","NA","582.8","0.0"
"-118.224","51.012","REVELSTOKE COLUMBIA PARK","1176754","BC","","","NA","","","","","115.0","20","NA","115.0","20","NA","79.0","10","","","NA","",""
"-118.176","50.958","REVELSTOKE AIRPORT AUTO","1176755","BC","-2.8","3","NA","2.1","3","-15.6","1","","","NA","81.4","2","NA","22.0","13","","","NA","582.8","0.0"
"-116.344","51.443","YOHO PARK","11790J1","BC","-10.1","0","NA","-3.6","0","-21.3","0","","","NA","","","NA","","","","","NA","872.5","0.0"
"-116.541","51.433","YOHO NP EMERALD LAKE","117R00G","BC","-8.7","4","NA","2.0","4","-24.0","4","110.0","4","NA","110.0","4","NA","0.0","14","","","NA","721.3","0.0"
"-116.337","51.356","YOHO NP OHARA LAKE","117R00H","BC","-6.5","29","NA","-2.0","29","-15.0","29","5.0","29","NA","5.0","29","NA","92.0","1","","","NA","49.0","0.0"
"-121.016","56.298","CHARLIE LAKE","11814FR","BC","-11.7","2","NA","6.5","2","-31.5","2","22.0","2","NA","22.0","2","NA","64.0","7","","","NA","861.0","0.0"
"-121.627","55.687","CHETWYND A","1181508","BC","-7.5","0","2.6","8.7","0","-31.6","0","8.2","0","30.0","3.6","0","17.0","14.0","2","","","NA","791.9","0.0"
"-120.183","55.742","DAWSON CREEK A","1182289","BC","-8.3","5","NA","8.7","5","-28.5","5","","","NA","6.2","6","NA","","3","","","NA","684.6","0.0"
"-120.740","56.238","FORT ST. JOHN","1183001","BC","-9.7","3","NA","6.5","3","-27.2","3","21.0","3","NA","20.2","3","NA","45.0","6","","","NA","775.8","0.0"
"-124.701","55.786","GERMANSEN LANDING","1183090","BC","-12.0","0","1.1","4.8","0","-32.6","0","24.3","0","50.0","20.8","0","41.0","67.0","8","","","NA","931.3","0.0"
"-123.138","55.305","MACKENZIE A","1184790","BC","-8.1","0","NA","6.0","0","-25.0","0","","","NA","25.5","0","NA","","10","","","NA","810.1","0.0"
"-123.133","55.299","MACKENZIE","1184791","BC","-7.5","0","NA","5.9","0","-23.0","0","","","NA","32.9","1","NA","","3","","","NA","789.2","0.0"
"-122.718","57.250","SIKANNI CHIEF","1187335","BC","-10.9","7","NA","7.0","7","-33.8","7","29.8","7","NA","29.8","7","NA","26.0","5","","","NA","692.4","0.0"
"-120.688","56.167","TAYLOR FLATS","1188020","BC","","","NA","","","","","23.0","0","87.0","23.0","0","85.0","27.0","6","","","NA","",""
"-130.031","58.422","DEASE LAKE A","1192341","BC","-10.2","0","NA","2.5","0","-31.9","0","","","NA","31.1","2","NA","","6","","","NA","875.6","0.0"
"-122.597","58.836","FORT NELSON","1192946","BC","-19.1","6","NA","-1.2","6","-35.9","6","41.8","6","NA","29.8","6","NA","77.0","10","","","NA","927.5","0.0"
"-122.600","58.833","FORT NELSON UA","1192950","BC","-16.9","0","NA","10.9","0","-33.7","0","45.9","0","NA","48.9","0","NA","69.0","14","","","NA","1081.2","0.0"
"-125.767","58.930","MUNCHO LAKE","1195250","BC","-10.1","0","4.0","28.3","0","-31.0","0","82.0","0","216.0","107.2","0","279.0","85.0","16","","","NA","871.8","0.0"
"-130.025","58.426","DEASE LAKE (AUT)","119BLM0","BC","-11.6","0","NA","2.6","0","-34.3","0","","","NA","34.8","0","NA","69.0","10","","","NA","918.4","0.0"
"-133.700","59.567","ATLIN","1200560","BC","-10.4","1","2.4","8.0","1","-32.5","1","25.0","1","NA","25.0","1","NA","32.0","7","","","NA","851.3","0.0"
"-136.367","59.450","PLEASANT CAMP","1206197","BC","-7.6","0","0.3","2.0","0","-28.0","0","107.5","0","65.0","110.0","0","55.0","0.0","21","","","NA","793.0","0.0"
